patient,TP53,KRAS,SMAD4,CDKN2A,ARID1A,LRP1B,TP53: MUT,KRAS: MUT,SMAD4: MUT,CDKN2A: MUT,ARID1A: MUT,LRP1B: MUT,Tipos,Sex,Diagnosis Age,Progress Free Survival (Months),Ethnicity Category,Mutation Count
TCGA-3A-A9I7,-1,1,-1,-1,-1,-1,-1,1,-1,-1,-1,-1,"B,H",Male,45,43.03514482,Not Hispanic Or Latino,13
TCGA-3A-A9I9,1,1,-1,-1,-1,-1,1,1,-1,-1,-1,-1,"A,B,G,H",Male,67,16.865568597,Not Hispanic Or Latino,94
TCGA-3A-A9IB,1,1,-1,1,-1,-1,1,1,-1,1,-1,-1,"A,B,D,G,H,J",Female,69,7.364302857,Not Hispanic Or Latino,33
TCGA-3A-A9IC,1,1,-1,-1,-1,-1,1,1,-1,-1,-1,-1,"A,B,G,H",Female,61,24.262747806,Not Hispanic Or Latino,31
TCGA-3A-A9IH,1,1,1,1,-1,-1,1,1,1,1,-1,-1,"A,B,C,D,G,H,I,J",Female,66,25.084656607,Not Hispanic Or Latino,47
TCGA-3A-A9IU,-1,1,-1,1,-1,-1,-1,1,-1,1,-1,-1,"B,D,H,J",Male,65,12.197126607,Not Hispanic Or Latino,32
TCGA-3A-A9IX,1,-1,-1,-1,-1,-1,1,-1,-1,-1,-1,-1,"A,G",Male,40,34.092777065,Not Hispanic Or Latino,22
TCGA-3A-A9IZ,1,1,-1,-1,-1,-1,1,1,-1,-1,-1,-1,"A,B,G,H",Male,47,3.5835223724,Hispanic Or Latino,50
TCGA-3A-A9J0,1,-1,-1,-1,-1,-1,1,-1,-1,-1,-1,-1,"A,G",Male,75,11.934115790999998,Not Hispanic Or Latino,77
TCGA-3E-AAAY,1,-1,-1,1,-1,-1,1,-1,-1,1,-1,-1,"A,D,G,J",Male,67,32.448959463,Not Hispanic Or Latino,21
TCGA-3E-AAAZ,-1,1,1,-1,-1,-1,-1,1,1,-1,-1,-1,"B,C,H,I",Male,71,52.602163264,Hispanic Or Latino,47
TCGA-F2-A44G,-1,1,-1,-1,-1,-1,-1,1,-1,-1,-1,-1,"B,H",Female,79,7.035539336599999,Not Hispanic Or Latino,38
TCGA-F2-A8YN,1,1,-1,1,-1,1,1,1,-1,1,-1,1,"A,B,D,F,G,H,J,L",Male,76,16.997074005,Not Hispanic Or Latino,52
TCGA-FB-A545,1,1,-1,1,-1,-1,1,1,-1,1,-1,-1,"A,B,D,G,H,J",Female,72,12.427261070999998,Not Hispanic Or Latino,37
TCGA-FB-A5VM,1,1,-1,-1,-1,-1,1,1,-1,-1,-1,-1,"A,B,G,H",Male,74,5.8191143111,Not Hispanic Or Latino,40
TCGA-FB-A78T,1,1,1,1,-1,-1,1,1,1,1,-1,-1,"A,B,C,D,G,H,I,J",Female,71,12.328632015,Not Hispanic Or Latino,40
TCGA-FB-A7DR,-1,1,-1,-1,-1,-1,-1,1,-1,-1,-1,-1,"B,H",Male,48,11.60535227,Not Hispanic Or Latino,35
TCGA-FB-AAPQ,1,1,1,-1,-1,-1,1,1,1,-1,-1,-1,"A,B,C,G,H,I",Male,65,37.150277805,Not Hispanic Or Latino,36
TCGA-FB-AAPS,1,-1,-1,-1,-1,-1,1,-1,-1,-1,-1,-1,"A,G",Female,62,7.4958082651,Not Hispanic Or Latino,31
TCGA-FB-AAPU,-1,1,-1,-1,-1,-1,-1,1,-1,-1,-1,-1,"B,H",Female,41,12.525890127,Not Hispanic Or Latino,81
TCGA-FB-AAPY,1,1,1,-1,-1,-1,1,1,1,-1,-1,-1,"A,B,C,G,H,I",Male,71,34.81605681,Not Hispanic Or Latino,32
TCGA-FB-AAPZ,1,1,-1,-1,-1,-1,1,1,-1,-1,-1,-1,"A,B,G,H",Male,54,23.539468061,Not Hispanic Or Latino,34
TCGA-FB-AAQ0,1,1,-1,-1,-1,-1,1,1,-1,-1,-1,-1,"A,B,G,H",Male,68,15.550514515,Not Hispanic Or Latino,43
TCGA-FB-AAQ1,1,1,-1,-1,-1,-1,1,1,-1,-1,-1,-1,"A,B,G,H",Male,49,4.0437913009,Not Hispanic Or Latino,32
TCGA-FB-AAQ2,1,1,-1,1,-1,-1,1,1,-1,1,-1,-1,"A,B,D,G,H,J",Female,81,3.0246243877,Not Hispanic Or Latino,35
TCGA-FB-AAQ3,1,1,-1,-1,-1,-1,1,1,-1,-1,-1,-1,"A,B,G,H",Female,65,1.0191669132,Not Hispanic Or Latino,33
TCGA-FB-AAQ6,1,1,1,-1,-1,-1,1,1,1,-1,-1,-1,"A,B,C,G,H,I",Male,85,7.002662984500001,Not Hispanic Or Latino,58
TCGA-FZ-5919,1,1,-1,-1,-1,-1,1,1,-1,-1,-1,-1,"A,B,G,H",Female,59,1.8081993622,Not Hispanic Or Latino,37
TCGA-FZ-5920,1,1,-1,1,-1,-1,1,1,-1,1,-1,-1,"A,B,D,G,H,J",Male,52,2.0054574744,Not Hispanic Or Latino,52
TCGA-FZ-5922,-1,1,-1,-1,1,-1,-1,1,-1,-1,1,-1,"B,E,H,K",Male,81,24.32850051,Not Hispanic Or Latino,36
TCGA-FZ-5923,-1,1,1,-1,-1,-1,-1,1,1,-1,-1,-1,"B,C,H,I",Male,71,20.350461913,Not Hispanic Or Latino,66
TCGA-FZ-5924,1,1,-1,-1,-1,-1,1,1,-1,-1,-1,-1,"A,B,G,H",Male,83,15.780648979,Not Hispanic Or Latino,30
TCGA-FZ-5926,1,1,-1,-1,-1,-1,1,1,-1,-1,-1,-1,"A,B,G,H",Female,73,17.786106454000002,Not Hispanic Or Latino,35
TCGA-H6-8124,1,1,-1,1,-1,-1,1,1,-1,1,-1,-1,"A,B,D,G,H,J",Female,56,8.5149751784,Not Hispanic Or Latino,38
TCGA-H6-A45N,1,-1,-1,-1,-1,-1,1,-1,-1,-1,-1,-1,"A,G",Female,88,11.934115790999998,Not Hispanic Or Latino,22
TCGA-H8-A6C1,1,1,-1,-1,-1,-1,1,1,-1,-1,-1,-1,"A,B,G,H",Male,53,14.958740178,Not Hispanic Or Latino,22
TCGA-HZ-7919,-1,1,1,-1,-1,-1,-1,1,1,-1,-1,-1,"B,C,H,I",Female,52,19.49567676,Not Hispanic Or Latino,48
TCGA-HZ-7922,1,1,-1,-1,-1,-1,1,1,-1,-1,-1,-1,"A,B,G,H",Female,61,0.1315054082,Not Hispanic Or Latino,44
TCGA-HZ-7925,1,1,1,-1,-1,-1,1,1,1,-1,-1,-1,"A,B,C,G,H,I",Male,66,11.966992143,Not Hispanic Or Latino,20
TCGA-HZ-7926,1,1,-1,1,-1,-1,1,1,-1,1,-1,-1,"A,B,D,G,H,J",Male,57,11.177959694,Not Hispanic Or Latino,34
TCGA-HZ-8001,1,-1,-1,-1,1,-1,1,-1,-1,-1,1,-1,"A,E,G,K",Male,69,23.21070454,Not Hispanic Or Latino,43
TCGA-HZ-8005,1,1,-1,-1,-1,-1,1,1,-1,-1,-1,-1,"A,B,G,H",Male,81,3.9451622448,Not Hispanic Or Latino,57
TCGA-HZ-8315,1,1,1,-1,1,-1,1,1,1,-1,1,-1,"A,B,C,E,G,H,I,K",Female,54,9.83002926,Not Hispanic Or Latino,52
TCGA-HZ-8636,1,1,-1,-1,-1,-1,1,1,-1,-1,-1,-1,"A,B,G,H",Female,58,17.917611862,Not Hispanic Or Latino,48
TCGA-HZ-8637,1,1,-1,-1,-1,-1,1,1,-1,-1,-1,-1,"A,B,G,H",Female,76,16.997074005,Hispanic Or Latino,27
TCGA-HZ-A49G,1,1,-1,1,-1,-1,1,1,-1,1,-1,-1,"A,B,D,G,H,J",Female,58,21.698392346,Not Hispanic Or Latino,35
TCGA-HZ-A49H,-1,1,-1,-1,-1,-1,-1,1,-1,-1,-1,-1,"B,H",Female,68,16.142288852,Not Hispanic Or Latino,8
TCGA-HZ-A49I,1,1,-1,-1,-1,-1,1,1,-1,-1,-1,-1,"A,B,G,H",Male,77,10.125916428,Not Hispanic Or Latino,43
TCGA-HZ-A4BK,1,1,-1,-1,-1,-1,1,1,-1,-1,-1,-1,"A,B,G,H",Male,72,21.59976329,Not Hispanic Or Latino,52
TCGA-HZ-A77O,1,1,-1,1,-1,-1,1,1,-1,1,-1,-1,"A,B,D,G,H,J",Female,77,3.2218824999,Not Hispanic Or Latino,23
TCGA-HZ-A77P,1,-1,-1,-1,-1,-1,1,-1,-1,-1,-1,-1,"A,G",Male,77,10.849196173,Not Hispanic Or Latino,41
TCGA-HZ-A77Q,1,1,1,-1,-1,-1,1,1,1,-1,-1,-1,"A,B,C,G,H,I",Female,55,1.0849196173,Not Hispanic Or Latino,48
TCGA-HZ-A8P0,-1,1,-1,1,-1,-1,-1,1,-1,1,-1,-1,"B,D,H,J",Male,76,0.0,Not Hispanic Or Latino,28
TCGA-HZ-A8P1,-1,1,1,-1,1,-1,-1,1,1,-1,1,-1,"B,C,E,H,I,K",Male,81,0.2301344643,Not Hispanic Or Latino,45
TCGA-HZ-A9TJ,1,1,-1,1,-1,-1,1,1,-1,1,-1,-1,"A,B,D,G,H,J",Male,70,18.246375382,Not Hispanic Or Latino,76
TCGA-IB-7644,1,1,1,-1,-1,-1,1,1,1,-1,-1,-1,"A,B,C,G,H,I",Female,65,10.060163724,Not Hispanic Or Latino,24
TCGA-IB-7646,1,1,-1,-1,-1,-1,1,1,-1,-1,-1,-1,"A,B,G,H",Male,60,4.3396784693,Not Hispanic Or Latino,57
TCGA-IB-7647,1,1,-1,-1,-1,-1,1,1,-1,-1,-1,-1,"A,B,G,H",Male,41,12.821777296,Not Hispanic Or Latino,46
TCGA-IB-7651,-1,1,1,-1,1,1,-1,1,1,-1,1,1,"B,C,E,F,H,I,K,L",Female,64,16.175165204000002,Not Hispanic Or Latino,14306
TCGA-IB-7652,1,1,-1,-1,-1,1,1,1,-1,-1,-1,1,"A,B,F,G,H,L",Female,49,36.690008877,Not Hispanic Or Latino,87
TCGA-IB-7886,1,1,1,1,-1,-1,1,1,1,1,-1,-1,"A,B,C,D,G,H,I,J",Male,80,4.0437913009,Not Hispanic Or Latino,41
TCGA-IB-7887,1,1,-1,-1,-1,-1,1,1,-1,-1,-1,-1,"A,B,G,H",Female,62,3.6163987244,Not Hispanic Or Latino,24
TCGA-IB-7888,1,-1,-1,-1,-1,-1,1,-1,-1,-1,-1,-1,"A,G",Female,66,14.038202320999998,Not Hispanic Or Latino,31
TCGA-IB-7889,1,1,1,1,-1,-1,1,1,1,1,-1,-1,"A,B,C,D,G,H,I,J",Female,85,11.572475918,Not Hispanic Or Latino,38
TCGA-IB-7891,1,-1,1,-1,-1,-1,1,-1,1,-1,-1,-1,"A,C,G,I",Female,49,17.260084821,Not Hispanic Or Latino,30
TCGA-IB-7893,1,1,-1,-1,-1,1,1,1,-1,-1,-1,1,"A,B,F,G,H,L",Male,64,2.6301081632,Not Hispanic Or Latino,32
TCGA-IB-8127,1,1,-1,1,-1,1,1,1,-1,1,-1,1,"A,B,D,F,G,H,J,L",Male,59,15.977907091,Not Hispanic Or Latino,28
TCGA-IB-A5SQ,-1,-1,-1,-1,1,-1,-1,-1,-1,-1,1,-1,"E,K",Female,56,6.476641351900001,Not Hispanic Or Latino,35
TCGA-IB-A5SS,1,1,1,1,-1,-1,1,1,1,1,-1,-1,"A,B,C,D,G,H,I,J",Female,64,2.1698392346,Not Hispanic Or Latino,38
TCGA-IB-A6UF,1,1,-1,-1,-1,-1,1,1,-1,-1,-1,-1,"A,B,G,H",Male,63,19.49567676,Not Hispanic Or Latino,47
TCGA-IB-A6UG,1,1,-1,1,-1,-1,1,1,-1,1,-1,-1,"A,B,D,G,H,J",Male,65,1.3479304336000002,Not Hispanic Or Latino,61
TCGA-IB-A7LX,-1,1,-1,-1,-1,-1,-1,1,-1,-1,-1,-1,"B,H",Male,57,0.2301344643,Not Hispanic Or Latino,39
TCGA-IB-A7M4,1,1,-1,1,-1,-1,1,1,-1,1,-1,-1,"A,B,D,G,H,J",Male,81,15.879278035,Not Hispanic Or Latino,65
TCGA-IB-AAUM,-1,1,1,-1,-1,-1,-1,1,1,-1,-1,-1,"B,C,H,I",Male,76,0.2630108163,Not Hispanic Or Latino,20
TCGA-IB-AAUN,1,1,1,-1,-1,-1,1,1,1,-1,-1,-1,"A,B,C,G,H,I",Female,74,4.3068021172,Not Hispanic Or Latino,31
TCGA-IB-AAUO,-1,1,-1,-1,-1,-1,-1,1,-1,-1,-1,-1,"B,H",Female,64,2.432850051,Not Hispanic Or Latino,42
TCGA-IB-AAUQ,1,1,-1,-1,-1,-1,1,1,-1,-1,-1,-1,"A,B,G,H",Male,50,3.5177696683,Not Hispanic Or Latino,53
TCGA-IB-AAUR,-1,-1,1,-1,-1,-1,-1,-1,1,-1,-1,-1,"C,I",Male,67,10.454679949,Not Hispanic Or Latino,4
TCGA-IB-AAUU,1,1,-1,-1,-1,-1,1,1,-1,-1,-1,-1,"A,B,G,H",Male,35,8.0547062498,Not Hispanic Or Latino,43
TCGA-LB-A7SX,1,-1,-1,-1,-1,-1,1,-1,-1,-1,-1,-1,"A,G",Female,74,12.920406352,Not Hispanic Or Latino,83
TCGA-LB-A9Q5,1,-1,1,-1,-1,-1,1,-1,1,-1,-1,-1,"A,C,G,I",Female,63,9.5341420916,Not Hispanic Or Latino,22
TCGA-OE-A75W,1,1,-1,1,-1,-1,1,1,-1,1,-1,-1,"A,B,D,G,H,J",Male,75,4.7999473978,Not Hispanic Or Latino,74
TCGA-PZ-A5RE,1,1,1,-1,-1,-1,1,1,1,-1,-1,-1,"A,B,C,G,H,I",Female,44,12.920406352,Not Hispanic Or Latino,30
TCGA-Q3-AA2A,-1,1,-1,-1,-1,-1,-1,1,-1,-1,-1,-1,"B,H",Female,64,3.1232534438,Not Hispanic Or Latino,19
TCGA-RB-A7B8,-1,1,-1,-1,-1,-1,-1,1,-1,-1,-1,-1,"B,H",Female,81,14.761482066,Not Hispanic Or Latino,36
TCGA-RB-AA9M,1,-1,-1,1,-1,-1,1,-1,-1,1,-1,-1,"A,D,G,J",Male,43,8.4820988263,Not Hispanic Or Latino,17
TCGA-S4-A8RM,-1,1,1,-1,-1,-1,-1,1,1,-1,-1,-1,"B,C,H,I",Male,67,24.229871453,Not Hispanic Or Latino,30
TCGA-S4-A8RO,1,1,-1,-1,-1,-1,1,1,-1,-1,-1,-1,"A,B,G,H",Female,75,9.5670184436,Not Hispanic Or Latino,48
TCGA-US-A779,1,1,-1,-1,-1,-1,1,1,-1,-1,-1,-1,"A,B,G,H",Female,54,16.799815892,Not Hispanic Or Latino,28
TCGA-US-A77G,-1,1,1,1,-1,-1,-1,1,1,1,-1,-1,"B,C,D,H,I,J",Male,64,0.3945162245,Not Hispanic Or Latino,27
TCGA-XD-AAUG,1,-1,-1,-1,-1,-1,1,-1,-1,-1,-1,-1,"A,G",Female,66,13.808067857,Not Hispanic Or Latino,17
TCGA-XD-AAUI,1,1,-1,-1,-1,-1,1,1,-1,-1,-1,-1,"A,B,G,H",Female,50,5.753361607,Not Hispanic Or Latino,36
TCGA-XD-AAUL,1,1,-1,-1,-1,-1,1,1,-1,-1,-1,-1,"A,B,G,H",Male,56,16.372423316,Not Hispanic Or Latino,26
TCGA-XN-A8T3,1,1,-1,-1,-1,-1,1,1,-1,-1,-1,-1,"A,B,G,H",Male,67,31.26541079,Hispanic Or Latino,45
TCGA-YB-A89D,-1,1,1,1,-1,-1,-1,1,1,1,-1,-1,"B,C,D,H,I,J",Male,59,11.506723214,Not Hispanic Or Latino,31
TCGA-YH-A8SY,1,1,-1,-1,-1,-1,1,1,-1,-1,-1,-1,"A,B,G,H",Female,73,12.756024592,Not Hispanic Or Latino,45
TCGA-YY-A8LH,-1,1,-1,-1,1,-1,-1,1,-1,-1,1,-1,"B,E,H,K",Female,61,66.278725713,Not Hispanic Or Latino,58
TCGA-Z5-AAPL,1,-1,-1,-1,-1,-1,1,-1,-1,-1,-1,-1,"A,G",Female,74,15.353256403,Not Hispanic Or Latino,7
